"SNO","FileNO","n","pt","n0","mu","multilevel_community_modularity","walktrap_community_modularity","infomap_community_modularity","louvain_community_modularity","label_pop_community_modularity","fast_community_modularity","multilevel_community_size","walktrap_community_size","infomap_community_size","louvain_community_size","label_pop_community_size","fast_community_size","clustering_coefficient","average_path_length","number_of_nodes"
"1","1.gml","1000","0.1","5","0","0.912522794290429","0.912522792816162","0.912522794290429","0.912522794290429","0.912522794290429","0.912522794290429","12","12","12","12","12","12","0.145173991300435","2.96269158265716","1015"
"2","2.gml","1000","0.1","5","0.2","0.708718002989279","0.696965277194977","0.711791765193328","0.708718002989279","0.698670043610874","0.685881425278968","12","12","12","12","13","11","0.070375","3.61717822407478","1015"
"3","3.gml","1000","0.1","5","0.4","0.524652599632444","0.487843960523605","0.542909149396286","0.524652599632444","0.46275288000081","0.455683301955077","19","30","30","19","14","8","0.0700741451635373","3.3595009764771","1015"
"4","4.gml","1000","0.1","5","0.6","0.503561148362766","0.402654528617859","0.45652235876638","0.503561148362766","0.0211106385247011","0.481053017532094","18","101","99","18","6","15","0.158166029441357","3.56168323277077","1015"
"5","5.gml","1000","0.1","5","0.8","0.517894842448378","0.425921142101288","0.476010889196257","0.517894842448378","0.0721271445066106","0.49224253693838","21","83","96","21","18","19","0.177178927732716","3.59356010920998","1015"
"6","6.gml","1000","0.1","10","0","0.906851948051948","0.906852006912231","0.906851948051948","0.906851948051948","0.906851948051948","0.906851948051949","12","12","12","12","12","12","0.134676642714275","2.89502000510769","1030"
"7","7.gml","1000","0.1","10","0.2","0.712081795486154","0.702103078365326","0.709968940005798","0.712081795486154","0.704216366307009","0.663912332021157","12","12","13","12","11","9","0.0783582089552239","3.47241454140602","1030"
"8","8.gml","1000","0.1","10","0.4","0.542627689314832","0.494498521089554","0.551935061873715","0.542627689314832","0.517611963778955","0.491413736494239","22","32","30","22","19","10","0.0668533034714446","3.43762914319681","1030"
"9","9.gml","1000","0.1","10","0.6","0.509319298528244","0.402638912200928","0.461154323198695","0.509319298528244","0.0166502282686909","0.478391963551439","20","115","104","20","5","15","0.167980802194035","3.60910677724627","1030"
"10","10.gml","1000","0.1","10","0.8","0.543262042099469","0.431129306554794","0.485104473581241","0.543262042099469","0.0334188620932734","0.514800542228824","21","100","108","21","9","18","0.187778734058368","3.71202883372489","1030"
"11","11.gml","1000","0.1","20","0","0.952041847966738","0.952041864395142","0.952041847966739","0.952041847966738","0.952041847966739","0.952041847966737","25","25","25","25","25","25","0.242846582014263","2.37203682393556","1060"
"12","12.gml","1000","0.1","20","0.2","0.774410098387417","0.772776424884796","0.772776360613956","0.774410098387417","0.764103682526684","0.755255706775946","32","52","52","32","50","31","0.303126177024482","4.20897785379586","1060"
"13","13.gml","1000","0.1","20","0.4","0.568028687260744","0.55396580696106","0.570439721716779","0.568028687260744","0.531338604289204","0.520624409681465","26","51","54","26","48","16","0.125143358294542","3.66631389527322","1060"
"14","14.gml","1000","0.1","20","0.6","0.545942648658111","0.459285408258438","0.500791051690679","0.545942648658111","0.0291157449278628","0.511799283255986","19","95","98","19","7","15","0.191960776200919","3.79160475350544","1060"
"15","15.gml","1000","0.1","20","0.8","0.576521597555427","0.480357229709625","0.527392739677429","0.576521597555427","0.104021179999224","0.546355428865707","22","82","109","22","20","21","0.201672651243125","3.86878685837476","1060"
"16","16.gml","1000","0.1","30","0","0.960604686777374","0.960604608058929","0.960604686777374","0.960604686777374","0.955188300156465","0.960086286960636","35","35","35","35","36","35","0.326669019766035","2.56734337480899","1090"
"17","17.gml","1000","0.1","30","0.2","0.763858079411528","0.765580892562866","0.76558092834707","0.763858079411528","0.757671046202583","0.733071706622997","33","35","35","33","34","22","0.191977907710141","3.77760086267175","1090"
"18","18.gml","1000","0.1","30","0.4","0.562362588398098","0.557664811611176","0.5467604526589","0.562362588398098","0.560132211395301","0.502900421322309","16","38","65","16","44","10","0.225711550178432","3.73354731636633","1090"
"19","19.gml","1000","0.1","30","0.6","0.535184381492408","0.436103045940399","0.481545142670135","0.535184381492408","0.0144753888956377","0.511047644156471","20","77","106","20","5","15","0.18384652393553","3.78451403105281","1090"
"20","20.gml","1000","0.1","30","0.8","0.569084356323193","0.45859631896019","0.513309808678727","0.569084356323193","0.0603517129484717","0.532807084661139","23","125","112","23","15","20","0.203017104005099","3.85594898105323","1090"
"21","21.gml","1000","0.1","40","0","0.958728458446506","0.958728432655334","0.958728458446506","0.958728458446506","0.94848058919323","0.958728458446506","27","27","27","27","29","27","0.243783273028969","2.45810906515581","1120"
"22","22.gml","1000","0.1","40","0.2","0.76176309354549","0.762498557567596","0.764183587286266","0.76176309354549","0.752763945127905","0.734223218711334","27","27","27","27","27","20","0.129412522545736","3.8941673049917","1120"
"23","23.gml","1000","0.1","40","0.4","0.576886531981014","0.497465997934341","0.516483014696628","0.576886531981014","0.550098501554653","0.526713425176148","20","51","96","20","49","12","0.194916031935395","3.83558981233244","1120"
"24","24.gml","1000","0.1","40","0.6","0.613077330270278","0.542222440242767","0.558746968140653","0.613077330270278","0.550718854261622","0.581508465842329","23","92","117","23","121","22","0.214085733839358","4.22277703306524","1120"
"25","25.gml","1000","0.1","40","0.8","0.593732073488099","0.481734812259674","0.538012972308215","0.593732073488099","0.531781728368245","0.556238755486692","22","99","115","22","116","16","0.218045862412762","3.96276171326439","1120"
"26","26.gml","2000","0.1","5","0","0.952800741908005","0.952800750732422","0.952800741908005","0.952800741908005","0.952800741908005","0.952800741908003","24","24","24","24","24","24","0.147606796077838","2.78549087344195","2015"
"27","27.gml","2000","0.1","5","0.2","0.758751137865763","0.754539787769318","0.75998982333857","0.758751137865763","0.75998982333857","0.721253448164046","24","25","26","24","26","20","0.0789629496725576","3.89644597002127","2015"
"28","28.gml","2000","0.1","5","0.4","0.563669557397905","0.527352035045624","0.569420287727086","0.563669557397905","0.557182359797183","0.489848021927829","31","55","58","31","55","16","0.0652185356096363","3.72277038398703","2015"
"29","29.gml","2000","0.1","5","0.6","0.517090175974372","0.412008553743362","0.462577375021639","0.517090175974372","0.0195819201491144","0.490453658424489","26","181","191","26","10","18","0.147477967372961","3.83693845316038","2015"
"30","30.gml","2000","0.1","5","0.8","0.533932232800383","0.421630710363388","0.475833507715579","0.533932232800383","0.0565550447883046","0.500256547140445","28","200","196","28","24","23","0.155570092552212","3.83607083511841","2015"
"31","31.gml","2000","0.1","10","0","0.951269263626843","0.951269149780273","0.951269263626843","0.951269263626843","0.951269263626843","0.951269263626842","24","24","24","24","24","24","0.158057049349995","2.63552845906827","2030"
"32","32.gml","2000","0.1","10","0.2","0.758358052023039","0.752644956111908","0.758619042105622","0.758358052023039","0.751689018899789","0.723337679276598","25","25","25","25","26","20","0.0792931043920953","3.89360819836509","2030"
"33","33.gml","2000","0.1","10","0.4","0.555157411078645","0.530581593513489","0.571192694712035","0.555157411078645","0.513285842444","0.505136017627395","31","48","52","31","36","14","0.0693005401365628","3.69245399830536","2030"
"34","34.gml","2000","0.1","10","0.6","0.566431344979885","0.4549500644207","0.503892918629577","0.566431344979885","0.518257804507439","0.527774276995961","26","166","189","26","152","22","0.180729308076272","4.11533940134066","2030"
"35","35.gml","2000","0.1","10","0.8","0.523041868459308","0.410272240638733","0.469386730123544","0.523041868459308","0.0488199629095468","0.496137926919797","30","213","195","30","21","22","0.153341893627087","3.81857791093188","2030"
"36","36.gml","2000","0.1","20","0","0.957315109030207","0.95731508731842","0.957315109030206","0.957315109030207","0.957315109030206","0.957063957979598","25","25","25","25","25","25","0.156616743772707","2.94159696473226","2060"
"37","37.gml","2000","0.1","20","0.2","0.771520082920608","0.772575736045837","0.772951677853954","0.771520082920608","0.772599234444475","0.741257429698942","47","50","50","47","51","28","0.146502419709635","4.13317191397464","2060"
"38","38.gml","2000","0.1","20","0.4","0.568096434610953","0.533212184906006","0.57473088826447","0.568096434610953","0.550194433653765","0.513637789652141","30","62","56","30","53","17","0.0648962745736939","3.73751467627324","2060"
"39","39.gml","2000","0.1","20","0.6","0.512615004965891","0.396814167499542","0.458406329896844","0.512615004965891","0.0187427758995787","0.484096889373043","24","265","198","24","10","20","0.146533663460623","3.84486059308647","2060"
"40","40.gml","2000","0.1","20","0.8","0.548175332897371","0.425119549036026","0.486851065029388","0.548175332897371","0.0425346774299215","0.506663529964836","27","212","198","27","20","20","0.164797391709362","3.90504062203822","2060"
"41","41.gml","2000","0.1","30","0","0.969909737657165","0.969909429550171","0.969909737657163","0.969909737657165","0.964019182236841","0.969909737657162","68","68","68","68","70","68","0.472348141432457","2.54726003889715","2090"
"42","42.gml","2000","0.1","30","0.2","0.774615124595815","0.774642527103424","0.77464252699136","0.774615124595815","0.767588709312135","0.755738698201023","47","68","68","47","71","36","0.224281460198461","4.24335766523668","2090"
"43","43.gml","2000","0.1","30","0.4","0.570345530976759","0.549005448818207","0.578239010101603","0.570345530976759","0.558019660904445","0.520200976329128","33","74","72","33","71","17","0.0862175057750699","3.85013456222043","2090"
"44","44.gml","2000","0.1","30","0.6","0.548550555352229","0.433198094367981","0.487705967263077","0.548550555352229","0.01479999883529","0.515291928771718","25","178","191","25","7","15","0.170672392038748","4.02975806285373","2090"
"45","45.gml","2000","0.1","30","0.8","0.554098278298913","0.429426372051239","0.492731809853864","0.554098278298913","0.0388100348546504","0.519482634001032","29","188","211","29","21","23","0.167769500239878","3.950731674916","2090"
"46","46.gml","2000","0.1","40","0","0.95981170169931","0.959811627864838","0.95981170169931","0.95981170169931","0.95981170169931","0.959811701699309","26","26","26","26","26","26","0.158170478170478","3.2441576294486","2120"
"47","47.gml","2000","0.1","40","0.2","0.777686034326205","0.779754102230072","0.780129403084048","0.777686034326205","0.774445192725122","0.751455818487429","44","52","52","44","54","30","0.14082263357441","4.25590435146518","2120"
"48","48.gml","2000","0.1","40","0.4","0.583912031336578","0.537043631076813","0.543961982396511","0.583912031336578","0.57395800323193","0.54449945875196","22","114","154","22","98","13","0.184366830782305","4.12487467388498","2120"
"49","49.gml","2000","0.1","40","0.6","0.563767731796918","0.440027862787247","0.502172783647976","0.563767731796918","0.499275588513521","0.541893781368927","30","209","206","30","192","20","0.173365892441365","4.12320959512764","2120"
"50","50.gml","2000","0.1","40","0.8","0.563309980477726","0.431162148714066","0.499957868052676","0.563309980477726","0.492381017921509","0.524959119281476","29","210","212","29","208","22","0.171072709617328","3.96337939754423","2120"
"51","51.gml","4000","0.1","5","0","0.955750274737792","0.955750226974487","0.955750274737792","0.955750274737792","0.935439355675107","0.955750274737789","24","24","24","24","28","24","0.0840479953262978","3.28887482730619","4015"
"52","52.gml","4000","0.1","5","0.2","0.776766289357063","0.772681832313538","0.777851863683495","0.776766289357063","0.775428989990041","0.74197771288222","47","49","49","47","50","29","0.0792804275396346","4.17159555503434","4015"
"53","53.gml","4000","0.1","5","0.4","0.552831804520787","0.482376545667648","0.566144613662612","0.552831804520787","0.553855248568433","0.483559387325468","35","91","85","35","43","13","0.0362198213489136","3.8362772636991","4015"
"54","54.gml","4000","0.1","5","0.6","0.540346915198308","0.402589052915573","0.479708553480069","0.540346915198308","0.0162702724117051","0.508339026326498","34","335","363","34","16","23","0.134556870321178","4.12843999923059","4015"
"55","55.gml","4000","0.1","5","0.8","0.553554268289179","0.417130023241043","0.490244393887537","0.553554268289179","0.476092419547985","0.519532518063614","38","415","379","38","404","28","0.136814144014062","4.06735380092466","4015"
"56","56.gml","4000","0.1","10","0","0.959200012145323","0.959200024604797","0.959200012145322","0.959200012145323","0.959200012145322","0.959200012145325","25","25","25","25","25","25","0.0899726288771025","3.43397984803798","4030"
"57","57.gml","4000","0.1","10","0.2","0.775351138743961","0.770478188991547","0.775998621483964","0.775351138743961","0.769845515596135","0.741455106091489","49","49","49","49","51","29","0.0879599281114837","4.06256070289409","4030"
"58","58.gml","4000","0.1","10","0.4","0.559480340022036","0.488599240779877","0.56917769953785","0.559480340022036","0.564692169721184","0.492632703277403","45","60","80","45","48","13","0.0347358200501659","3.89109095533807","4030"
"59","59.gml","4000","0.1","10","0.6","0.5171525406874","0.387769550085068","0.453085744898056","0.5171525406874","0.0117586866778581","0.48679092292742","32","439","368","32","13","25","0.132067740089444","4.04163142280501","4030"
"60","60.gml","4000","0.1","10","0.8","0.533983173213697","0.404394626617432","0.471445095697503","0.533983173213697","0.0334925033677679","0.50343363294097","35","423","367","35","32","28","0.136119671101634","4.00797124076254","4030"
"61","61.gml","4000","0.1","20","0","0.978228569575147","0.978228509426117","0.978228569575148","0.978228569575147","0.972113591619511","0.978101992709527","50","50","50","50","52","50","0.163008826654851","2.85836307178941","4060"
"62","62.gml","4000","0.1","20","0.2","0.778978292297072","0.773140490055084","0.779646763188722","0.778978292297072","0.775889688173483","0.741646825144418","49","50","50","49","52","28","0.0869194288077311","4.13806283427814","4060"
"63","63.gml","4000","0.1","20","0.4","0.570779983972003","0.533633351325989","0.580048558630501","0.570779983972003","0.545394772532616","0.520553117646321","42","103","108","42","84","24","0.0597888973555725","4.07682775126005","4060"
"64","64.gml","4000","0.1","20","0.6","0.551516360338139","0.409956276416779","0.487851723987317","0.551516360338139","0.0333632003522301","0.516710060290576","35","524","366","35","31","28","0.143997014746599","4.19916017073292","4060"
"65","65.gml","4000","0.1","20","0.8","0.54918356631499","0.415217489004135","0.487859129283368","0.54918356631499","0.479706235032781","0.514000048568903","40","434","357","40","377","29","0.146782018316085","4.08866509623448","4060"
"66","66.gml","4000","0.1","30","0","0.982321027942329","0.98232114315033","0.982321027942328","0.982321027942329","0.978878350913155","0.982054769839924","67","67","67","67","68","67","0.208406730243577","2.771976141586","4090"
"67","67.gml","4000","0.1","30","0.2","0.779139095361972","0.778007984161377","0.780174907556858","0.779139095361972","0.766253871879783","0.756880375723404","63","67","67","63","72","46","0.121126858413228","4.28225563127504","4090"
"68","68.gml","4000","0.1","30","0.4","0.579344248962052","0.520010411739349","0.527620056097453","0.579344248962052","0.564703050759695","0.533692284121469","28","225","299","28","212","19","0.154822379179569","4.29016067318783","4090"
"69","69.gml","4000","0.1","30","0.6","0.531188123517711","0.406080842018127","0.472173665660752","0.531188123517711","0.0166017921804934","0.503659298518571","32","432","354","32","16","20","0.149015717068567","4.13936394441285","4090"
"70","70.gml","4000","0.1","30","0.8","0.542569152572388","0.413549065589905","0.482179579474938","0.542569152572388","0.0520454453594237","0.509926627266612","40","469","373","40","44","36","0.141467769216313","4.06456142994413","4090"
"71","71.gml","4000","0.1","40","0","0.979087938038774","0.979088008403778","0.979087938038774","0.979087938038774","0.975419608702399","0.979087938038774","51","51","51","51","52","51","0.153622046870477","3.04553984463647","4120"
"72","72.gml","4000","0.1","40","0.2","0.777532001423179","0.772295296192169","0.77868089961717","0.777532001423179","0.77868089961717","0.739726990287763","50","51","51","50","51","25","0.0811399729164102","4.19251397148427","4120"
"73","73.gml","4000","0.1","40","0.4","0.575137547195786","0.542591273784637","0.582453953986029","0.575137547195786","0.566536238984212","0.514530140648036","41","117","106","41","110","22","0.0740496556769701","4.02166540563856","4120"
"74","74.gml","4000","0.1","40","0.6","0.531682905117314","0.396763294935226","0.465612811075055","0.531682905117314","0.0122384293814823","0.492202795935681","33","502","369","33","13","26","0.139615728292402","4.10592918914714","4120"
"75","75.gml","4000","0.1","40","0.8","0.578962144500507","0.436864733695984","0.513752412910496","0.578962144500507","0.49551160045008","0.537278830553886","36","404","376","36","428","30","0.156269985141873","4.21129009067617","4120"
"76","76.gml","1000","0.3","5","0","0.949801575117877","0.949801623821259","0.949801575117877","0.949801575117877","0.949801575117877","0.949283317307702","24","24","24","24","24","24","0.26049766718507","2.71767417124623","1015"
"77","77.gml","1000","0.3","5","0.2","0.711090282964023","0.70499861240387","0.711583234259487","0.711090282964023","0.704771641636852","0.674076552588669","12","12","12","12","11","11","0.0861034164358264","3.43418544320401","1015"
"78","78.gml","1000","0.3","5","0.4","0.567352718272087","0.529837846755981","0.518510442888377","0.567352718272087","0.0119979804753004","0.530535907651135","15","45","90","15","4","13","0.182804627200845","3.77709116701159","1015"
"79","79.gml","1000","0.3","5","0.6","0.526834338482468","0.429937660694122","0.473832890449337","0.526834338482468","0.01712159184017","0.491473197645355","21","123","115","21","5","17","0.167519416939669","3.65010056256741","1015"
"80","80.gml","1000","0.3","5","0.8","0.533489786699424","0.434758931398392","0.484683994643424","0.533489786699424","0.0256096713819571","0.5073145818694","19","91","100","19","7","15","0.188660254976515","3.70225512771932","1015"
"81","81.gml","1000","0.3","10","0","0.90676341270413","0.90676337480545","0.90676341270413","0.90676341270413","0.90676341270413","0.906763412704132","12","12","12","12","12","12","0.145415771413911","2.86798331488891","1030"
"82","82.gml","1000","0.3","10","0.2","0.756033035907466","0.755521893501282","0.756543760838011","0.756033035907466","0.756543760838011","0.730843696880196","25","25","25","25","25","20","0.137962020008387","3.77834073990206","1030"
"83","83.gml","1000","0.3","10","0.4","0.577729677930113","0.540540397167206","0.533805478260626","0.577729677930113","0.56240906944342","0.530930794883714","16","46","85","16","47","14","0.198737221888154","3.84354685008539","1030"
"84","84.gml","1000","0.3","10","0.6","0.536463953912938","0.459742069244385","0.485098267678202","0.536463953912938","0.0226047953263824","0.515054046817313","20","104","100","20","6","15","0.185234499205087","3.73796786398332","1030"
"85","85.gml","1000","0.3","10","0.8","0.521776094976055","0.420590579509735","0.473218809935071","0.521776094976055","0.0657447911195921","0.500860062186586","20","120","109","20","15","15","0.175909522303069","3.64432052987631","1030"
"86","86.gml","1000","0.3","20","0","0.92236658953168","0.922366678714752","0.922366589531681","0.92236658953168","0.922366589531681","0.922366589531681","13","13","13","13","13","13","0.154711089704197","2.11663167716352","1060"
"87","87.gml","1000","0.3","20","0.2","0.750736655997561","0.741987884044647","0.719539399481786","0.750736655997561","0.711859777472946","0.649132876085962","21","41","64","21","63","12","0.261800312541186","4.18082740926827","1060"
"88","88.gml","1000","0.3","20","0.4","0.605436886003737","0.593408465385437","0.589168854679108","0.605436886003737","0.43706050329776","0.582395890287826","20","48","83","20","40","13","0.267017480464339","4.16508632209097","1060"
"89","89.gml","1000","0.3","20","0.6","0.548076238386953","0.463077396154404","0.494376502089334","0.548076238386953","0.0136340784616008","0.514306495192502","19","82","103","19","5","13","0.19278037277221","3.79559570260303","1060"
"90","90.gml","1000","0.3","20","0.8","0.501117329418256","0.388390690088272","0.455891737825261","0.501117329418256","0.0194176980276467","0.464613737300173","20","91","102","20","5","15","0.19080563583815","3.56252783865163","1060"
"91","91.gml","1000","0.3","30","0","0.958428815666585","0.958428859710693","0.958428815666585","0.958428815666585","0.9534042450572","0.958428815666585","35","35","35","35","36","35","0.363122563380932","2.61029195547154","1090"
"92","92.gml","1000","0.3","30","0.2","0.770836929739489","0.769437551498413","0.752402399312178","0.770836929739489","0.715027029806967","0.674835111340535","27","36","53","27","69","11","0.324529643039606","4.33939225448817","1090"
"93","93.gml","1000","0.3","30","0.4","0.597105918105654","0.565687477588654","0.568573968487002","0.597105918105654","0.59161132285653","0.555217641390571","17","46","78","17","49","13","0.21578306301686","3.99254092214893","1090"
"94","94.gml","1000","0.3","30","0.6","0.57015748752401","0.4875448346138","0.509858718481367","0.57015748752401","0.511814629173835","0.539506572392041","19","87","113","19","96","14","0.20456979650125","3.93421116924036","1090"
"95","95.gml","1000","0.3","30","0.8","0.554427213272361","0.442942023277283","0.505901454749037","0.554427213272361","0.0937320420191456","0.53165612793535","24","128","113","24","19","17","0.196901802550741","3.8150158802369","1090"
"96","96.gml","1000","0.3","40","0","0.956300675678567","0.956300675868988","0.956300675678566","0.956300675678567","0.947723283293695","0.955827798223818","27","27","27","27","28","27","0.257716330119459","2.54155495978552","1120"
"97","97.gml","1000","0.3","40","0.2","0.758277752161757","0.757615923881531","0.726905666373932","0.758277752161757","0.68110318540889","0.657880645219515","23","29","57","23","72","11","0.28763660873333","4.37060672794587","1120"
"98","98.gml","1000","0.3","40","0.4","0.578160559854347","0.544490814208984","0.526874131974837","0.578160559854347","0.554470797639749","0.540137623322789","17","57","100","17","61","13","0.209905208732286","4.01750765990042","1120"
"99","99.gml","1000","0.3","40","0.6","0.539106984502362","0.444353103637695","0.488367853884088","0.539106984502362","0.0440712907421692","0.514593016093109","21","123","106","21","11","17","0.18392860901227","3.827009128048","1120"
"100","100.gml","1000","0.3","40","0.8","0.593739458593355","0.470070362091064","0.544384218428924","0.593739458593355","0.528233161693451","0.565068579023374","24","117","113","24","119","18","0.224896625657257","3.99555566194306","1120"
"101","101.gml","2000","0.3","5","0","0.91372518082452","0.913965821266174","0.823749869126791","0.91372518082452","0.863040621580239","0.913732451558256","21","27","139","21","112","24","0.263310980720872","3.74937126171525","2015"
"102","102.gml","2000","0.3","5","0.2","0.749432758644228","0.745146751403809","0.753477518088046","0.749432758644228","0.739797755405324","0.712677641381745","24","24","24","24","23","20","0.073469387755102","3.84090276254802","2015"
"103","103.gml","2000","0.3","5","0.4","0.585817261185468","0.54590630531311","0.547527286635204","0.585817261185468","0.550483007722398","0.555509641856642","23","96","152","23","95","13","0.174810941694594","4.13383585373847","2015"
"104","104.gml","2000","0.3","5","0.6","0.542155843387334","0.422536641359329","0.480684005611212","0.542155843387334","0.0418392903140469","0.511817038658877","27","252","201","27","17","20","0.152906923846784","3.93627239595782","2015"
"105","105.gml","2000","0.3","5","0.8","0.56237719582447","0.444103121757507","0.497722803156959","0.56237719582447","0.0755011966125372","0.521460766568744","30","211","202","30","29","26","0.16096196971235","3.91493545247653","2015"
"106","106.gml","2000","0.3","10","0","0.958584336669647","0.958584368228912","0.958584336669647","0.958584336669647","0.948491473083165","0.958309837816239","25","25","25","25","26","25","0.135010619525133","2.67171639099294","2030"
"107","107.gml","2000","0.3","10","0.2","0.77005309057847","0.771468698978424","0.772360064961664","0.77005309057847","0.772360064961664","0.750116614539912","44","49","49","44","49","34","0.148187933645617","4.10990101654094","2030"
"108","108.gml","2000","0.3","10","0.4","0.596815112160567","0.542031407356262","0.547521538202058","0.596815112160567","0.574634432450666","0.549886616630124","18","106","153","18","108","18","0.173587871412636","4.14191562248869","2030"
"109","109.gml","2000","0.3","10","0.6","0.512776627193973","0.384028494358063","0.453489010839648","0.512776627193973","0.0207781866670754","0.479873267663176","26","260","192","26","12","15","0.146791397814199","3.80214524857546","2030"
"110","110.gml","2000","0.3","10","0.8","0.558077485471047","0.443337827920914","0.498659679168863","0.558077485471047","0.0594756830073165","0.517552657090162","28","220","202","28","25","21","0.163029116023653","3.92351348792266","2030"
"111","111.gml","2000","0.3","20","0","0.955352663290386","0.95535272359848","0.955352663290386","0.955352663290386","0.955352663290386","0.955352663290385","25","25","25","25","25","25","0.165411340950353","2.7402391165465","2060"
"112","112.gml","2000","0.3","20","0.2","0.77396912912552","0.774943590164185","0.774943554740968","0.77396912912552","0.772243847191342","0.73894066862969","44","51","51","44","52","29","0.142182575600606","4.21879411723101","2060"
"113","113.gml","2000","0.3","20","0.4","0.589346375994786","0.539243578910828","0.541281070159852","0.589346375994786","0.00205730771301656","0.541438916036021","22","83","157","22","2","18","0.171873640997095","4.14229831617762","2060"
"114","114.gml","2000","0.3","20","0.6","0.57363772682202","0.474731743335724","0.51430158473124","0.57363772682202","0.025140349319933","0.543156383869905","27","179","189","27","11","19","0.193411843128541","4.17627512648708","2060"
"115","115.gml","2000","0.3","20","0.8","0.548175332897371","0.425119549036026","0.485912095320795","0.548175332897371","0.0419330739002981","0.506663529964836","27","212","199","27","20","20","0.164797391709362","3.90504062203822","2060"
"116","116.gml","2000","0.3","30","0","0.971058875666532","0.97105860710144","0.971058875666532","0.971058875666532","0.965099943517048","0.970664729321554","68","68","68","68","70","66","0.450016905218077","2.80889267099245","2090"
"117","117.gml","2000","0.3","30","0.2","0.782374319646872","0.781918168067932","0.781918175712413","0.782374319646872","0.777423068357261","0.765318927773435","51","69","69","51","70","41","0.197299744989156","4.40273293006658","2090"
"118","118.gml","2000","0.3","30","0.4","0.598871349861974","0.570051431655884","0.564390411859298","0.598871349861974","0.571313535721371","0.532871702687224","23","54","121","23","98","13","0.222235525528094","4.08639696198589","2090"
"119","119.gml","2000","0.3","30","0.6","0.498605796327261","0.405081927776337","0.443513007824904","0.498605796327261","0.00613713559679239","0.466126367444668","26","162","184","26","4","16","0.166000065299726","3.80881399721943","2090"
"120","120.gml","2000","0.3","30","0.8","0.563040583775132","0.43922558426857","0.505244911478377","0.563040583775132","0.487440941103777","0.523016790235465","29","192","195","29","208","18","0.173432736711841","3.9876097397853","2090"
"121","121.gml","2000","0.3","40","0","0.958712688714352","0.958712697029114","0.958712688714352","0.958712688714352","0.958712688714352","0.958712688714353","26","26","26","26","26","26","0.163443010805142","2.92938070520852","2120"
"122","122.gml","2000","0.3","40","0.2","0.776094071771483","0.776853144168854","0.7774754806043","0.776094071771483","0.76969632097144","0.746811334203214","49","52","52","49","56","32","0.146764228977238","4.23386120188412","2120"
"123","123.gml","2000","0.3","40","0.4","0.58852002596471","0.53432959318161","0.546367524432374","0.58852002596471","0.00665076396031149","0.54451486489709","24","103","150","24","5","15","0.181875840373443","4.08783780173987","2120"
"124","124.gml","2000","0.3","40","0.6","0.532853071349014","0.411661177873611","0.471015664202655","0.532853071349014","0.00538717750793062","0.491783916596331","25","262","200","25","4","19","0.159001912394135","3.92715413999127","2120"
"125","125.gml","2000","0.3","40","0.8","0.575272297290641","0.448979288339615","0.515387576556219","0.575272297290641","0.0499925579343663","0.536477366528264","28","212","205","28","21","24","0.187315568273272","4.0785115798659","2120"
"126","126.gml","4000","0.3","5","0","0.955898461587558","0.955898404121399","0.955898461587558","0.955898461587558","0.955898461587558","0.955898461587557","24","24","24","24","24","24","0.0831635173016096","3.16565701608678","4015"
"127","127.gml","4000","0.3","5","0.2","0.777409634987082","0.771722972393036","0.777760158971111","0.777409634987082","0.77256184108651","0.74613241135986","48","49","49","48","51","29","0.0812263005650395","4.17904308767384","4015"
"128","128.gml","4000","0.3","5","0.4","0.575102384718649","0.484158009290695","0.513763846471246","0.575102384718649","0.546557771630668","0.527850301111551","25","299","302","25","171","22","0.127964152857626","4.13454441211674","4015"
"129","129.gml","4000","0.3","5","0.6","0.541085382783579","0.414823085069656","0.477319504766446","0.541085382783579","0.019324746509064","0.509805567322152","30","476","366","30","20","24","0.135111219963104","4.10592688975882","4015"
"130","130.gml","4000","0.3","5","0.8","0.558240678863998","0.429571866989136","0.494820307817157","0.558240678863998","0.0576710099783413","0.53235234426889","38","401","368","38","47","28","0.138558070583368","4.06965347311806","4015"
"131","131.gml","4000","0.3","10","0","0.976670450857389","0.976670205593109","0.976670450857389","0.976670450857389","0.976670450857389","0.97667045085739","49","49","49","49","49","49","0.169096400649868","2.74275779901281","4030"
"132","132.gml","4000","0.3","10","0.2","0.773896750520592","0.771081984043121","0.775952557261385","0.773896750520592","0.775474014430985","0.730710118594997","48","49","49","48","48","28","0.0854615926245204","4.0902231772503","4030"
"133","133.gml","4000","0.3","10","0.4","0.575505747271319","0.50369781255722","0.505142062145675","0.575505747271319","0.552178207506157","0.529155961204669","26","245","329","26","202","20","0.141898224268333","4.22255705687118","4030"
"134","134.gml","4000","0.3","10","0.6","0.544111270775623","0.419096440076828","0.477668537915513","0.544111270775623","0.0278234310076176","0.516783347039476","33","358","368","33","25","27","0.141253178366309","4.17867803338944","4030"
"135","135.gml","4000","0.3","10","0.8","0.559370669102296","0.431358367204666","0.497362869378042","0.559370669102296","0.051491935609598","0.525487549428641","39","447","373","39","46","31","0.14175260783594","4.08957871806574","4030"
"136","136.gml","4000","0.3","20","0","0.977989745809551","0.977989494800568","0.977989745809552","0.977989745809551","0.973237585508996","0.977989745809554","50","50","50","50","51","50","0.155936038290003","3.01426543018148","4060"
"137","137.gml","4000","0.3","20","0.2","0.777417635588454","0.771792829036713","0.779125127268993","0.777417635588454","0.779125127268993","0.742419085055033","48","50","50","48","50","30","0.0814685184495662","4.23718526123909","4060"
"138","138.gml","4000","0.3","20","0.4","0.606239608341912","0.542583763599396","0.559579246238585","0.606239608341912","0.579923138075913","0.562792932732359","32","213","269","32","214","18","0.176150798123694","4.40844829406646","4060"
"139","139.gml","4000","0.3","20","0.6","0.533538257630724","0.40188854932785","0.468285478189751","0.533538257630724","0.00984953100396874","0.492313258283089","30","425","359","30","11","19","0.13559838322301","4.04849577111982","4060"
"140","140.gml","4000","0.3","20","0.8","0.544647195910776","0.406333655118942","0.482331102932999","0.544647195910776","0.0516309853282072","0.504147348587099","35","410","365","35","43","32","0.142861288089504","4.06984588162048","4060"
"141","141.gml","4000","0.3","30","0","0.966739828596756","0.966739654541016","0.966739828596756","0.966739828596756","0.966739828596756","0.966739828596753","33","33","33","33","33","33","0.112298725393858","3.22952789223235","4090"
"142","142.gml","4000","0.3","30","0.2","0.779264471465927","0.777587473392487","0.78032284101965","0.779264471465927","0.774050654604112","0.755260991801711","64","67","67","64","69","40","0.121107387644057","4.29446095762918","4090"
"143","143.gml","4000","0.3","30","0.4","0.619442589018962","0.562601804733276","0.579705293201597","0.619442589018962","0.0161322293682916","0.564914943671509","33","207","261","33","10","18","0.25480271531608","4.53768659549952","4090"
"144","144.gml","4000","0.3","30","0.6","0.548379000652816","0.420154988765717","0.481171794544121","0.548379000652816","0.0252741566792735","0.508688831392268","32","409","353","32","23","21","0.154739712945022","4.21755153219832","4090"
"145","145.gml","4000","0.3","30","0.8","0.544651238842721","0.412282347679138","0.480195686192298","0.544651238842721","0.0333731238340211","0.510402205780743","37","358","373","37","28","25","0.142447794967656","4.06438144918593","4090"
"146","146.gml","4000","0.3","40","0","0.977572639936866","0.97744357585907","0.977572639936866","0.977572639936866","0.977572639936866","0.977444650159399","50","50","50","50","50","50","0.150736804061047","2.97014007362845","4120"
"147","147.gml","4000","0.3","40","0.2","0.783255923703247","0.782203376293182","0.782958347390823","0.783255923703247","0.775633480520777","0.76507895369781","70","102","102","70","103","54","0.22157108716155","4.50699434540856","4120"
"148","148.gml","4000","0.3","40","0.4","0.594411014050511","0.537185072898865","0.558365567056261","0.594411014050511","0.00953028251600993","0.562578522179063","28","196","264","28","9","19","0.191614366635955","4.38206476263208","4120"
"149","149.gml","4000","0.3","40","0.6","0.530881636011452","0.390021920204163","0.46360802973821","0.530881636011452","0.0119503494259843","0.491671410096009","31","459","362","31","12","23","0.1372930402785","4.07658624371548","4120"
"150","150.gml","4000","0.3","40","0.8","0.554461397677577","0.417264342308044","0.490673461731014","0.554461397677577","0.474626328868244","0.512829959063879","36","460","376","36","415","28","0.149375743162901","4.13149270371497","4120"
"151","151.gml","1000","0.5","5","0","0.912728865790555","0.912728786468506","0.912728865790555","0.912728865790555","0.912728865790555","0.912728865790555","12","12","12","12","12","12","0.158389455108582","2.6899711184145","1015"
"152","152.gml","1000","0.5","5","0.2","0.750884556091195","0.742656826972961","0.720709257767846","0.750884556091195","0.716771733455593","0.678366141304012","21","39","58","21","53","11","0.247357293868922","4.11151854334878","1015"
"153","153.gml","1000","0.5","5","0.4","0.585080695942891","0.508492946624756","0.528548869683776","0.585080695942891","0.268929349982728","0.545832344563436","16","68","83","16","11","11","0.189771689497717","3.80588023824098","1015"
"154","154.gml","1000","0.5","5","0.6","0.52162478038866","0.420123547315598","0.476929218313696","0.52162478038866","0.0490332571032518","0.492999445622286","19","100","106","19","11","17","0.165955576715314","3.65300181692755","1015"
"155","155.gml","1000","0.5","5","0.8","0.530958548919639","0.425139665603638","0.478040166729033","0.530958548919639","0.0569515483077586","0.498665785468341","21","119","106","21","11","20","0.18883421650265","3.72249395167167","1015"
"156","156.gml","1000","0.5","10","0","0.95226603398749","0.952265977859497","0.95226603398749","0.95226603398749","0.95226603398749","0.95226603398749","25","25","25","25","25","25","0.288303916041459","2.36146465635402","1030"
"157","157.gml","1000","0.5","10","0.2","0.749383330778838","0.748891949653625","0.729021300839798","0.749383330778838","0.704942185710193","0.681455293668236","23","31","57","23","56","11","0.257766990291262","4.16686574768604","1030"
"158","158.gml","1000","0.5","10","0.4","0.572973753485546","0.52378910779953","0.528308086415111","0.572973753485546","0.553193059597749","0.524681480320386","16","57","84","16","52","13","0.19241901369253","3.78889297744063","1030"
"159","159.gml","1000","0.5","10","0.6","0.552135534587473","0.459309369325638","0.50074818061199","0.552135534587473","0.021508082462423","0.526839268650677","19","61","99","19","5","15","0.194687312287259","3.77044731901082","1030"
"160","160.gml","1000","0.5","10","0.8","0.553356817447052","0.448689669370651","0.500798980481981","0.553356817447052","0.087278472983119","0.51444021792291","21","124","110","21","19","19","0.201800709895247","3.81796635436421","1030"
"161","161.gml","1000","0.5","20","0","0.956808556330696","0.95680844783783","0.956808556330696","0.956808556330696","0.947936829706372","0.956808556330695","26","26","26","26","27","26","0.263630619245351","2.7744868961162","1060"
"162","162.gml","1000","0.5","20","0.2","0.763520502163426","0.753805041313171","0.72863820012945","0.763520502163426","0.725963367512491","0.668335805473431","25","36","64","25","62","11","0.27454549591572","4.3393161936323","1060"
"163","163.gml","1000","0.5","20","0.4","0.622983744873642","0.576561093330383","0.570209438805368","0.622983744873642","0.56127975286042","0.576557422868144","19","42","85","19","55","13","0.262231320368475","4.11255367292034","1060"
"164","164.gml","1000","0.5","20","0.6","0.550428382233056","0.459939241409302","0.499077501245463","0.550428382233056","0.0218958471588981","0.507001846344127","19","104","106","19","6","14","0.19673855865334","3.84238067240366","1060"
"165","165.gml","1000","0.5","20","0.8","0.558248973474858","0.462124109268188","0.509650166746812","0.558248973474858","0.0457633702843695","0.52747171921872","21","88","112","21","10","15","0.199736668861093","3.78081850089975","1060"
"166","166.gml","1000","0.5","30","0","0.964459385321753","0.963416278362274","0.940094329262451","0.964459385321753","0.881905764833632","0.96439455441589","36","38","59","36","87","35","0.521453590192644","2.8042785418031","1090"
"167","167.gml","1000","0.5","30","0.2","0.778495503121356","0.772037208080292","0.751989192747496","0.778495503121356","0.730251477598589","0.696592339166553","26","25","59","26","71","12","0.294432709716355","4.52230899486946","1090"
"168","168.gml","1000","0.5","30","0.4","0.590678839019967","0.563498377799988","0.551463858982391","0.590678839019967","0.56438134277993","0.549850009532214","18","39","88","18","61","12","0.215751172679847","3.98342052720702","1090"
"169","169.gml","1000","0.5","30","0.6","0.508809975037455","0.413469254970551","0.452373029563773","0.508809975037455","0.0122454154999143","0.470323809912659","17","101","108","17","4","13","0.193049522154648","3.65097682412111","1090"
"170","170.gml","1000","0.5","30","0.8","0.604595736892916","0.496559232473373","0.544957952161952","0.604595736892916","0.527574989978063","0.56126539498864","24","98","106","24","111","16","0.223790482747663","3.96215364655732","1090"
"171","171.gml","1000","0.5","40","0","0.959352909743351","0.959028959274292","0.894287839089996","0.959352909743351","0.837905313969811","0.959352909743349","27","29","80","27","108","27","0.515995596624078","3.32076972010178","1120"
"172","172.gml","1000","0.5","40","0.2","0.758556992291872","0.75542688369751","0.729212510127036","0.758556992291872","0.720068946121964","0.686960655964304","23","31","67","23","69","14","0.287474487867564","4.48460838759096","1120"
"173","173.gml","1000","0.5","40","0.4","0.585400344092237","0.535329461097717","0.531869877429346","0.585400344092237","0.0127239797333187","0.535376067720947","19","56","101","19","4","15","0.20126582278481","4.02935497255202","1120"
"174","174.gml","1000","0.5","40","0.6","0.556962634801958","0.477261990308762","0.506854958990789","0.556962634801958","0.036958232398535","0.53910995500432","21","90","112","21","11","16","0.198529411764706","3.92216264521895","1120"
"175","175.gml","1000","0.5","40","0.8","0.640475859036237","0.56062638759613","0.587517541373809","0.640475859036237","0.575445455297848","0.609945716683305","26","102","126","26","127","24","0.274156111147954","4.2794491254947","1120"
"176","176.gml","2000","0.5","5","0","0.952699219962749","0.95269912481308","0.952699219962749","0.952699219962749","0.944257875634763","0.952699219962747","24","24","24","24","25","24","0.147876413060408","3.12662963110987","2015"
"177","177.gml","2000","0.5","5","0.2","0.752215495932928","0.73163104057312","0.699799778506036","0.752215495932928","0.709647276527135","0.678866768225191","23","53","114","23","103","16","0.186837455830389","4.19981272531486","2015"
"178","178.gml","2000","0.5","5","0.4","0.541840942478805","0.451342344284058","0.480897970515944","0.541840942478805","0.533637941928027","0.49279388619936","18","157","165","18","73","15","0.143161438829148","3.77843088455255","2015"
"179","179.gml","2000","0.5","5","0.6","0.514193442580377","0.404165625572205","0.454409018897726","0.514193442580377","0.0274368031873348","0.485979272377099","24","198","199","24","13","21","0.148376574536645","3.82285293269693","2015"
"180","180.gml","2000","0.5","5","0.8","0.514798078359626","0.413789004087448","0.458064002577786","0.514798078359626","0.034620322218157","0.48892116992128","29","233","202","29","19","24","0.146881567674046","3.79776058902817","2015"
"181","181.gml","2000","0.5","10","0","0.957459496860665","0.957459449768066","0.957459496860665","0.957459496860665","0.950265197613431","0.957459496860665","25","25","25","25","26","25","0.167975362046267","2.80713491564751","2030"
"182","182.gml","2000","0.5","10","0.2","0.748164488109293","0.732531547546387","0.704003044358239","0.748164488109293","0.711346297857986","0.65348977061899","21","59","117","21","102","18","0.194883886015617","4.29151684806755","2030"
"183","183.gml","2000","0.5","10","0.4","0.591604696245763","0.533387064933777","0.533100017908146","0.591604696245763","0.00225543514745599","0.538034284108164","21","89","151","21","2","15","0.183266798617867","4.05623921123998","2030"
"184","184.gml","2000","0.5","10","0.6","0.534938291761149","0.445153832435608","0.472355668430335","0.534938291761149","0.0186970057949104","0.507651249181159","24","169","203","24","12","16","0.17729162269553","3.99329961858471","2030"
"185","185.gml","2000","0.5","10","0.8","0.564295282455605","0.450369119644165","0.509017112396495","0.564295282455605","0.0575899639297295","0.537910197526806","30","219","193","30","21","24","0.180064436577702","4.05903318143083","2030"
"186","186.gml","2000","0.5","20","0","0.974977675155851","0.974977672100067","0.974977675155851","0.974977675155851","0.969731007322529","0.974977675155853","50","50","50","50","51","50","0.290780289613501","2.50418144483853","2060"
"187","187.gml","2000","0.5","20","0.2","0.779724403577962","0.767238438129425","0.746478977027072","0.779724403577962","0.735327462869496","0.695707135066913","31","58","107","31","122","15","0.256945595139464","4.61938824106339","2060"
"188","188.gml","2000","0.5","20","0.4","0.59918464241708","0.552275240421295","0.544695926472249","0.59918464241708","0.564493166100573","0.560543398719687","22","79","156","22","86","15","0.186209221089617","4.22431050986198","2060"
"189","189.gml","2000","0.5","20","0.6","0.560839695573783","0.456877410411835","0.504595845149339","0.560839695573783","0.0341930652383445","0.524161827710377","25","171","190","25","17","21","0.188132607462404","4.09189256732225","2060"
"190","190.gml","2000","0.5","20","0.8","0.581176971529216","0.46003183722496","0.520547683712621","0.581176971529216","0.0567334152562047","0.550671821732273","29","200","202","29","22","18","0.184721171391695","4.07017026834593","2060"
"191","191.gml","2000","0.5","30","0","0.972426919475071","0.972426891326904","0.972426919475071","0.972426919475071","0.965417399418701","0.972426919475071","68","68","68","68","70","68","0.425523039404441","2.36571499812991","2090"
"192","192.gml","2000","0.5","30","0.2","0.783097284322502","0.771614611148834","0.761708783981785","0.783097284322502","0.752225951957968","0.725694880644423","33","70","108","33","122","19","0.328887155238847","4.73639180853915","2090"
"193","193.gml","2000","0.5","30","0.4","0.613687351722497","0.585219919681549","0.571973090317933","0.613687351722497","0.584292224806868","0.571797544623681","23","70","144","23","93","14","0.214937592269494","4.32102949832914","2090"
"194","194.gml","2000","0.5","30","0.6","0.544865350502096","0.423793911933899","0.486389919147108","0.544865350502096","0.0233724648564177","0.511531860781516","25","175","198","25","12","22","0.169009483458394","3.98801926701954","2090"
"195","195.gml","2000","0.5","30","0.8","0.564364706101376","0.446322947740555","0.504132484258315","0.564364706101376","0.0604261922396479","0.526239737660753","30","203","206","30","29","22","0.177671006935552","4.00490608129619","2090"
"196","196.gml","2000","0.5","40","0","0.976552264714416","0.976552128791809","0.976552264714415","0.976552264714416","0.970152765178835","0.976552264714419","52","52","52","52","54","52","0.277029695859815","2.61989594546107","2120"
"197","197.gml","2000","0.5","40","0.2","0.780212592885723","0.767788410186768","0.752083286223076","0.780212592885723","0.730114069635241","0.695721312994267","33","61","104","33","125","17","0.267762807649781","4.6705080716251","2120"
"198","198.gml","2000","0.5","40","0.4","0.589746990788783","0.548651278018951","0.550366200498015","0.589746990788783","0.578979119599904","0.53857979370305","23","91","152","23","97","16","0.191556809438318","4.20888546573232","2120"
"199","199.gml","2000","0.5","40","0.6","0.544558156533586","0.430126070976257","0.485808920212519","0.544558156533586","0.481011818395806","0.514557294776877","29","202","199","29","184","18","0.168324998172877","4.02821596160524","2120"
"200","200.gml","2000","0.5","40","0.8","0.556101317946113","0.436022907495499","0.498795426008109","0.556101317946113","0.0484706802518954","0.516268006019415","29","201","204","29","20","22","0.170241363532372","3.97505765446499","2120"
"201","201.gml","4000","0.5","5","0","0.97666840235651","0.976668357849121","0.97666840235651","0.97666840235651","0.97666840235651","0.976668402356512","49","49","49","49","49","49","0.161235498411291","2.93529721922927","4015"
"202","202.gml","4000","0.5","5","0.2","0.747567232890929","0.70627373456955","0.660785987367286","0.747567232890929","0.715401851088595","0.636706296490886","25","93","242","25","156","19","0.144648542738183","4.28601290253726","4015"
"203","203.gml","4000","0.5","5","0.4","0.57078755718714","0.47429946064949","0.511103812165577","0.57078755718714","0.0143219992267794","0.520594951735621","27","324","303","27","16","25","0.128698590620621","4.12641917671711","4015"
"204","204.gml","4000","0.5","5","0.6","0.513729776494384","0.391896307468414","0.45656345839156","0.513729776494384","0.0175586314301619","0.487974504211297","31","513","349","31","16","26","0.125462768503414","3.98931113456576","4015"
"205","205.gml","4000","0.5","5","0.8","0.561728467319689","0.438326299190521","0.498758020510353","0.561728467319689","0.0532284545916544","0.529489496117913","39","381","369","39","42","29","0.14422513689036","4.11738826932635","4015"
"206","206.gml","4000","0.5","10","0","0.959309372592615","0.957863986492157","0.875024598957274","0.959309372592615","0.903966106612334","0.95930937259261","27","52","222","27","188","27","0.26671209962208","4.19313948755184","4030"
"207","207.gml","4000","0.5","10","0.2","0.773028678839848","0.758638739585876","0.728818077354281","0.773028678839848","0.733409647773933","0.674682146372958","39","87","199","39","181","21","0.197768679817355","4.68623373839909","4030"
"208","208.gml","4000","0.5","10","0.4","0.566605695363832","0.478892832994461","0.513226287103704","0.566605695363832","0.563303876474281","0.521410172990664","25","282","285","25","151","15","0.137284826855219","4.08094589659214","4030"
"209","209.gml","4000","0.5","10","0.6","0.52012969156724","0.393761962652206","0.456806357577821","0.52012969156724","0.0203348560725635","0.49167924837921","35","344","357","35","19","25","0.133531882343775","4.05006974866461","4030"
"210","210.gml","4000","0.5","10","0.8","0.568066202337169","0.436272084712982","0.504375492697732","0.568066202337169","0.0561857205348789","0.527148082021332","36","427","376","36","52","28","0.150689839717714","4.1561932810942","4030"
"211","211.gml","4000","0.5","20","0","0.978766217316358","0.978766262531281","0.978766217316358","0.978766217316358","0.978766217316358","0.978383556663967","50","50","50","50","50","50","0.159338453715846","2.8475323341271","4060"
"212","212.gml","4000","0.5","20","0.2","0.776661690267302","0.756432235240936","0.739398138036884","0.776661690267302","0.738475541194622","0.669254107519671","42","97","180","42","182","22","0.190144031370183","4.54081691600615","4060"
"213","213.gml","4000","0.5","20","0.4","0.552382014721951","0.485606759786606","0.51514924372653","0.552382014721951","0.566947700237333","0.513464790567946","26","242","280","26","142","20","0.140449114518441","4.11820220710044","4060"
"214","214.gml","4000","0.5","20","0.6","0.528581789080123","0.395040094852448","0.466657679533962","0.528581789080123","0.0182115060802502","0.492123662179734","33","506","363","33","16","23","0.138755381288275","4.07077709693353","4060"
"215","215.gml","4000","0.5","20","0.8","0.540164202180254","0.410453259944916","0.479036124342567","0.540164202180254","0.0476780324551864","0.503251237020526","39","400","367","39","48","26","0.138949402337608","4.04235008986901","4060"
"216","216.gml","4000","0.5","30","0","0.983105128620774","0.98310512304306","0.983105128620774","0.983105128620774","0.974847194167123","0.983105128620775","67","67","67","67","70","67","0.208744876784009","2.47519371691035","4090"
"217","217.gml","4000","0.5","30","0.2","0.80143337797009","0.7822265625","0.770423666829025","0.80143337797009","0.747630878279989","0.735940412900517","47","107","213","47","261","24","0.386874343879056","5.194581682264","4090"
"218","218.gml","4000","0.5","30","0.4","0.62376288760306","0.567374885082245","0.575112994724972","0.62376288760306","0.0179725719417969","0.581669736638576","31","187","280","31","9","17","0.255344145064487","4.55363683709828","4090"
"219","219.gml","4000","0.5","30","0.6","0.537144513515563","0.409352242946625","0.476845843955326","0.537144513515563","0.480496825835234","0.503701470687123","32","383","352","32","329","21","0.151763502681187","4.20011396788211","4090"
"220","220.gml","4000","0.5","30","0.8","0.544784257091348","0.40570667386055","0.481741367418523","0.544784257091348","0.0457714555560472","0.512762282461677","34","583","382","34","38","28","0.144294676687993","4.09325143909864","4090"
"221","221.gml","4000","0.5","40","0","0.978840672022624","0.978840708732605","0.978840672022624","0.978840672022624","0.978840672022624","0.978840672022626","51","51","51","51","51","51","0.167274323549854","3.07748538011696","4120"
"222","222.gml","4000","0.5","40","0.2","0.794923569333439","0.768643617630005","0.761958356305138","0.794923569333439","0.745650419210461","0.714639290079323","48","166","213","48","243","22","0.322430997257396","5.1107265171818","4120"
"223","223.gml","4000","0.5","40","0.4","0.604593675357929","0.552057445049286","0.562546355670151","0.604593675357929","0.00411253941272316","0.553556094962805","30","192","260","30","5","18","0.185327346465817","4.37038457821556","4120"
"224","224.gml","4000","0.5","40","0.6","0.520465378929193","0.394557029008865","0.456774182216752","0.520465378929193","0.019543904583407","0.491222919634023","35","371","364","35","20","24","0.135401879520419","4.06087218360569","4120"
"225","225.gml","4000","0.5","40","0.8","0.557077106379502","0.418750107288361","0.494066808000252","0.557077106379502","0.478050650167423","0.516601195758633","37","478","368","37","401","27","0.154642212474631","4.16738627765718","4120"
"226","226.gml","1000","0.7","5","0","0.951590912355133","0.951590836048126","0.951590912355132","0.951590912355133","0.951590912355132","0.951590912355132","24","24","24","24","24","24","0.252465975777251","2.50700230455593","1015"
"227","227.gml","1000","0.7","5","0.2","0.745147112290104","0.734192669391632","0.70685136416712","0.745147112290104","0.663607102941091","0.670197387278033","19","36","75","19","75","14","0.255358193153747","4.38245061746388","1015"
"228","228.gml","1000","0.7","5","0.4","0.563496028788643","0.498207926750183","0.520556594204004","0.563496028788643","0.00751868689939514","0.524402659464614","16","72","82","16","2","13","0.188319238900634","3.71308284995288","1015"
"229","229.gml","1000","0.7","5","0.6","0.537785806317943","0.45209801197052","0.488050489158234","0.537785806317943","0.0294975040304566","0.515371255236356","17","101","100","17","8","15","0.192069944868296","3.75863040584526","1015"
"230","230.gml","1000","0.7","5","0.8","0.55270425671323","0.440328180789948","0.502382991391474","0.55270425671323","0.0672343430667086","0.52050917527704","21","109","101","21","15","17","0.196614530979856","3.73319730667211","1015"
"231","231.gml","1000","0.7","10","0","0.948911053007951","0.948911011219025","0.948911053007951","0.948911053007951","0.948911053007951","0.94891105300795","24","24","24","24","24","24","0.24950495049505","2.59173580608427","1030"
"232","232.gml","1000","0.7","10","0.2","0.759462859521332","0.750493764877319","0.731066439125911","0.759462859521332","0.728280474505723","0.688843488033298","24","37","61","24","57","12","0.265665992860522","4.2130374479889","1030"
"233","233.gml","1000","0.7","10","0.4","0.64046189588569","0.586725831031799","0.58890874415591","0.64046189588569","0.598497241260715","0.594388477502233","19","56","82","19","62","13","0.236363184326985","4.17856152169606","1030"
"234","234.gml","1000","0.7","10","0.6","0.546655442864862","0.456154018640518","0.489368203321852","0.546655442864862","0.511574621746554","0.518850241358886","18","65","106","18","72","16","0.192090139825331","3.76346533065376","1030"
"235","235.gml","1000","0.7","10","0.8","0.549845389785343","0.457995027303696","0.502308447510003","0.549845389785343","0.0426080663999089","0.52479616987254","19","98","103","19","10","16","0.199586414337636","3.80156245577288","1030"
"236","236.gml","1000","0.7","20","0","0.95214583258585","0.952145755290985","0.952145832585849","0.95214583258585","0.952145832585849","0.952145832585848","25","25","25","25","25","25","0.252944109862289","2.46979842842501","1060"
"237","237.gml","1000","0.7","20","0.2","0.750155001878738","0.743494510650635","0.718307077884674","0.750155001878738","0.715600043535233","0.668217569589615","22","39","61","22","62","11","0.255825353197598","4.15136208954692","1060"
"238","238.gml","1000","0.7","20","0.4","0.627086597181066","0.579462826251984","0.57441508412997","0.627086597181066","0.584495059135767","0.585702768687676","18","50","87","18","60","15","0.263858489301827","4.16112387977266","1060"
"239","239.gml","1000","0.7","20","0.6","0.560644590880149","0.486539423465729","0.51092779551217","0.560644590880149","0.520736445317112","0.522013308212302","21","74","106","21","81","15","0.200150470828075","3.86100807098188","1060"
"240","240.gml","1000","0.7","20","0.8","0.571800833109229","0.480676472187042","0.513600625431607","0.571800833109229","0.50569854121929","0.540910352670825","22","89","115","22","114","15","0.209469954373362","3.8666399415611","1060"
"241","241.gml","1000","0.7","30","0","0.958862485954241","0.958556294441223","0.935600720374253","0.958862485954241","0.899798238374729","0.958862485954241","35","37","53","35","70","35","0.537357605539424","2.65018961684321","1090"
"242","242.gml","1000","0.7","30","0.2","0.767650226242039","0.760492205619812","0.746524822503559","0.767650226242039","0.718253111898","0.673076187941748","24","45","62","24","77","11","0.299395028714217","4.4311842360216","1090"
"243","243.gml","1000","0.7","30","0.4","0.592444327460594","0.574294745922089","0.563451182664145","0.592444327460594","0.576542884225567","0.56240230470711","17","36","80","17","52","14","0.220075880257253","4.0031372945468","1090"
"244","244.gml","1000","0.7","30","0.6","0.572114394900522","0.484264105558395","0.517850197584359","0.572114394900522","0.0595163949969041","0.529512723028845","23","99","111","23","13","17","0.202425493484712","3.93849251480611","1090"
"245","245.gml","1000","0.7","30","0.8","0.579152443518667","0.486622720956802","0.527078481012659","0.579152443518667","0.515646082358597","0.547075180259572","22","99","114","22","110","15","0.214175541681968","3.91186257908526","1090"
"246","246.gml","1000","0.7","40","0","0.957149512112642","0.95333206653595","0.917364593269691","0.957149512112642","0.89805595019246","0.957149512112639","29","41","72","29","84","29","0.455334621065788","2.95676943699732","1120"
"247","247.gml","1000","0.7","40","0.2","0.757781281677968","0.755900979042053","0.72503130486343","0.757781281677968","0.717527979339041","0.695260201944476","21","31","75","21","77","17","0.26328727642621","4.57151155368314","1120"
"248","248.gml","1000","0.7","40","0.4","0.596972532434097","0.557551860809326","0.54802550417812","0.596972532434097","0.574050155772284","0.566763129869316","17","66","91","17","66","13","0.219109299956338","4.0696636027065","1120"
"249","249.gml","1000","0.7","40","0.6","0.550248838888797","0.450801104307175","0.496283480610275","0.550248838888797","0.0220976889854084","0.513384352532092","24","80","117","24","7","17","0.188926316728757","3.84195870037023","1120"
"250","250.gml","1000","0.7","40","0.8","0.599114995568191","0.499753355979919","0.538280950443752","0.599114995568191","0.127641128173315","0.563816683656132","21","122","128","21","28","21","0.22401614530777","4.06941146431763","1120"
"251","251.gml","2000","0.7","5","0","0.954926515735464","0.950197160243988","0.911321803522316","0.954926515735464","0.912004076038533","0.954926515735468","28","53","107","28","104","28","0.341029800479245","2.98867986493837","2015"
"252","252.gml","2000","0.7","5","0.2","0.757041886297641","0.74292004108429","0.711695462041409","0.757041886297641","0.715115630806949","0.660696535308781","25","56","108","25","96","14","0.197261531400597","4.14740341184907","2015"
"253","253.gml","2000","0.7","5","0.4","0.600600547557452","0.541125416755676","0.559364053517461","0.600600547557452","0.00709095321842006","0.557552982825958","19","80","143","19","5","16","0.177085722148328","4.13434395952896","2015"
"254","254.gml","2000","0.7","5","0.6","0.543289788666437","0.425867170095444","0.486287889989493","0.543289788666437","0.0271783724948178","0.503871003707345","24","239","202","24","12","24","0.15506699377241","3.94799628407598","2015"
"255","255.gml","2000","0.7","5","0.8","0.551886051651833","0.427719742059708","0.494097177434633","0.551886051651833","0.0735872244282476","0.531060684060719","27","259","198","27","29","24","0.15537283116756","3.89684516079749","2015"
"256","256.gml","2000","0.7","10","0","0.959013876918026","0.956725656986237","0.913346794572262","0.959013876918026","0.913788423542051","0.959013876918026","29","46","106","29","105","29","0.340753128423966","3.34601445367274","2030"
"257","257.gml","2000","0.7","10","0.2","0.759073073376875","0.739257335662842","0.715995698301061","0.759073073376875","0.735860280179315","0.644293737043988","25","56","104","25","71","16","0.203194384758631","4.19966010095002","2030"
"258","258.gml","2000","0.7","10","0.4","0.603378268960967","0.550946950912476","0.551163852043497","0.603378268960967","0.0139422194727993","0.560367233033881","21","107","166","21","7","15","0.185308239969093","4.29979630335505","2030"
"259","259.gml","2000","0.7","10","0.6","0.556833543776001","0.453699856996536","0.499166978061263","0.556833543776001","0.0252178354809035","0.527966634914591","25","216","187","25","12","24","0.180246474824656","4.10763340430749","2030"
"260","260.gml","2000","0.7","10","0.8","0.539047578430202","0.424919962882996","0.475838255979677","0.539047578430202","0.0187273363119931","0.506623015497612","27","211","195","27","11","19","0.15794961727137","3.83246570054408","2030"
"261","261.gml","2000","0.7","20","0","0.958499491168951","0.954735815525055","0.913379856513962","0.958499491168951","0.917444401456153","0.958499491168953","30","42","107","30","104","30","0.351764963823723","3.54229476892569","2060"
"262","262.gml","2000","0.7","20","0.2","0.776544472035076","0.764294326305389","0.752028487543726","0.776544472035076","0.732882635107942","0.686621393660987","33","65","101","33","112","15","0.259609532733754","4.66625848158923","2060"
"263","263.gml","2000","0.7","20","0.4","0.642173968329627","0.600165367126465","0.595814563484597","0.642173968329627","0.599766184244086","0.59861141535543","27","89","150","27","118","17","0.281057469765622","4.46016446856566","2060"
"264","264.gml","2000","0.7","20","0.6","0.513375107648849","0.38665646314621","0.455046575330498","0.513375107648849","0.0088775519179807","0.480270536097252","26","225","194","26","5","19","0.144192316671813","3.81087953903535","2060"
"265","265.gml","2000","0.7","20","0.8","0.549725424435227","0.416675835847855","0.487578143910911","0.549725424435227","0.0561224970635388","0.511773645892033","27","205","201","27","23","23","0.160962862021976","3.86929275687604","2060"
"266","266.gml","2000","0.7","30","0","0.968665840285679","0.96581643819809","0.93436947190468","0.968665840285679","0.927178109928986","0.968413375047946","39","57","107","39","124","39","0.371745587199087","3.14416563828329","2090"
"267","267.gml","2000","0.7","30","0.2","0.786837794416539","0.768647253513336","0.759739856124651","0.786837794416539","0.738093154182866","0.715366831212603","32","72","114","32","142","19","0.326476766487726","4.80797249662736","2090"
"268","268.gml","2000","0.7","30","0.4","0.597261943681075","0.574137270450592","0.567758384187314","0.597261943681075","0.577592628467708","0.556767540592531","23","88","142","23","119","17","0.212779453051887","4.2603447999432","2090"
"269","269.gml","2000","0.7","30","0.6","0.540285750469544","0.432358652353287","0.477684511856044","0.540285750469544","0.0212562524800217","0.510237055446786","22","201","200","22","13","18","0.165248314617425","3.96681775809034","2090"
"270","270.gml","2000","0.7","30","0.8","0.549923864076065","0.424299985170364","0.488120729583553","0.549923864076065","0.0562393465923787","0.513595419315045","27","204","204","27","24","20","0.162058049846181","3.89729615827724","2090"
"271","271.gml","2000","0.7","40","0","0.976819863342026","0.973928987979889","0.948138234691548","0.976819863342026","0.935936534449573","0.976488483529028","53","71","112","53","129","53","0.460238997376858","3.22809495447971","2120"
"272","272.gml","2000","0.7","40","0.2","0.784861208149748","0.769982993602753","0.750055504130003","0.784861208149748","0.736162526811233","0.707075753975432","31","65","114","31","131","18","0.271277750778108","4.74129528880658","2120"
"273","273.gml","2000","0.7","40","0.4","0.598878242714799","0.558772563934326","0.549712430097738","0.598878242714799","0.582666120125334","0.550915672309567","22","90","156","22","99","15","0.194591909596101","4.1963524090217","2120"
"274","274.gml","2000","0.7","40","0.6","0.54348168224851","0.434667706489563","0.486081091306681","0.54348168224851","0.0173034803810621","0.503061123818336","27","205","202","27","9","18","0.172331400637899","4.06253216629418","2120"
"275","275.gml","2000","0.7","40","0.8","0.552011981221228","0.428215473890305","0.494210397844624","0.552011981221228","0.0525322388535401","0.518505879052773","27","223","202","27","27","24","0.165078811997396","3.91416118318538","2120"
"276","276.gml","4000","0.7","5","0","0.955882820879141","0.952345609664917","0.881001079303747","0.955882820879141","0.919308172352022","0.956005879794104","28","65","219","28","173","28","0.259498310247989","4.06799927928692","4015"
"277","277.gml","4000","0.7","5","0.2","0.756829609322119","0.720539927482605","0.680566254900379","0.756829609322119","0.728874789442309","0.645141055078506","25","78","219","25","137","20","0.152317706274541","4.20795571663561","4015"
"278","278.gml","4000","0.7","5","0.4","0.572299146280226","0.493952035903931","0.507544830944686","0.572299146280226","0.549433852083876","0.531563069272405","24","221","304","24","202","16","0.135353444697488","4.1534653618934","4015"
"279","279.gml","4000","0.7","5","0.6","0.54557562579765","0.414773672819138","0.482104398940907","0.54557562579765","0.0206541294240911","0.51145968882529","34","503","354","34","19","26","0.140598895870697","4.16685014652949","4015"
"280","280.gml","4000","0.7","5","0.8","0.525207564011936","0.397972136735916","0.462842607248937","0.525207564011936","0.0302375215293745","0.500243398064444","36","437","375","36","32","27","0.128366650607499","3.96494002001711","4015"
"281","281.gml","4000","0.7","10","0","0.978879672031402","0.976181089878082","0.9311902174784","0.978879672031402","0.927539740377459","0.979009092184452","56","85","203","56","224","56","0.348321903574397","3.45370365572454","4030"
"282","282.gml","4000","0.7","10","0.2","0.779316479252042","0.758911967277527","0.740672756912789","0.779316479252042","0.737657696682387","0.657415318094712","40","88","176","40","174","15","0.197131913519001","4.58047985849489","4030"
"283","283.gml","4000","0.7","10","0.4","0.600520463419613","0.543096780776978","0.558223163300007","0.600520463419613","0.566842080357972","0.542437058804356","30","171","249","30","207","18","0.171859771649919","4.33643590174707","4030"
"284","284.gml","4000","0.7","10","0.6","0.540831443624717","0.413227945566177","0.477681966560342","0.540831443624717","0.0294291924256429","0.515087803645015","35","403","373","35","25","24","0.139891750431214","4.16134920092358","4030"
"285","285.gml","4000","0.7","10","0.8","0.557731571017098","0.42399787902832","0.494974471179602","0.557731571017098","0.0506397353461932","0.527050047891799","38","405","370","38","46","31","0.139769820469396","4.09768582245223","4030"
"286","286.gml","4000","0.7","20","0","0.977975220605658","0.972687005996704","0.924791543620735","0.977975220605658","0.912981781220427","0.977975220605662","58","89","219","58","245","58","0.330941909515231","3.78210156756636","4060"
"287","287.gml","4000","0.7","20","0.2","0.796699119732067","0.780372679233551","0.760725821881123","0.796699119732067","0.738483598915486","0.723823754472513","45","104","205","45","273","20","0.270313729318731","5.25635460698539","4060"
"288","288.gml","4000","0.7","20","0.4","0.566474430655177","0.493352621793747","0.510116065037786","0.566474430655177","0.559734317495668","0.521224914495486","23","235","282","23","158","19","0.139815225636548","4.10452925263691","4060"
"289","289.gml","4000","0.7","20","0.6","0.550645190057725","0.441823840141296","0.495642897245696","0.550645190057725","0.0144979672935696","0.526398924652987","33","331","357","33","18","22","0.18409537398032","4.28903464538452","4060"
"290","290.gml","4000","0.7","20","0.8","0.544647195910776","0.406333655118942","0.481533268652718","0.544647195910776","0.465341204389065","0.504147348587099","35","410","368","35","400","32","0.142861288089504","4.06984588162048","4060"
"291","291.gml","4000","0.7","30","0","0.982903715738567","0.980754137039185","0.944089368002491","0.982903715738567","0.936325055563696","0.982903715738572","79","72","207","79","244","79","0.385036683477985","3.07940877143852","4090"
"292","292.gml","4000","0.7","30","0.2","0.783390210981914","0.761505484580994","0.748706943052704","0.783390210981914","0.746547892219412","0.68722327020103","43","113","183","43","180","21","0.222854017198392","4.78317604450129","4090"
"293","293.gml","4000","0.7","30","0.4","0.621612554589531","0.575769543647766","0.581362190196099","0.621612554589531","0.0278170877986665","0.571062946855934","32","200","264","32","15","19","0.254784030324115","4.55542468582595","4090"
"294","294.gml","4000","0.7","30","0.6","0.54310104227166","0.426934629678726","0.483970819865661","0.54310104227166","0.0176647685664504","0.514701725887603","31","418","348","31","21","26","0.150051507969078","4.16195242648145","4090"
"295","295.gml","4000","0.7","30","0.8","0.547283539355446","0.408414661884308","0.483078984177535","0.547283539355446","0.0429258193725328","0.518901242476817","38","430","382","38","34","28","0.147382370726812","4.12361999305191","4090"
"296","296.gml","4000","0.7","40","0","0.979768141003355","0.97549706697464","0.928917183430444","0.979768141003355","0.928311081009969","0.979768141003357","57","91","212","57","224","57","0.349581018864337","3.41035330671064","4120"
"297","297.gml","4000","0.7","40","0.2","0.77830868824685","0.757047057151794","0.743094067517499","0.77830868824685","0.739594329699432","0.672347955250971","41","96","177","41","173","17","0.196303857311701","4.56019523543513","4120"
"298","298.gml","4000","0.7","40","0.4","0.611145043617462","0.556546211242676","0.565412028113183","0.611145043617462","0.587983662796733","0.549653407731203","31","188","265","31","197","18","0.181567176542051","4.43348984224185","4120"
"299","299.gml","4000","0.7","40","0.6","0.541663118185859","0.399701356887817","0.475260084237282","0.541663118185859","0.484187128322465","0.506428529162826","35","522","374","35","326","22","0.148625947822213","4.18677087237217","4120"
"300","300.gml","4000","0.7","40","0.8","0.537886010055904","0.407825946807861","0.474232531968326","0.537886010055904","0.0376941692889107","0.507204664957962","36","461","379","36","35","27","0.136033755903369","4.01422086141183","4120"
"301","301.gml","1000","0.9","5","0","0.950605222032916","0.948500692844391","0.926543492118653","0.950605222032916","0.917968737621854","0.950605222032917","27","34","55","27","59","27","0.394402579241765","3.07293447293447","1015"
"302","302.gml","1000","0.9","5","0.2","0.756757668770492","0.739588141441345","0.716757043262536","0.756757668770492","0.692607712613304","0.684400139300764","21","46","77","21","75","14","0.2874835763672","4.40302173511723","1015"
"303","303.gml","1000","0.9","5","0.4","0.587634104461803","0.54409122467041","0.54381576481281","0.587634104461803","0.344222029459177","0.554817372273502","17","68","95","17","21","16","0.224034782608696","3.8145509662751","1015"
"304","304.gml","1000","0.9","5","0.6","0.596092636974577","0.517453730106354","0.544047971791383","0.596092636974577","0.072430425556982","0.557153343088953","21","92","100","21","16","16","0.230502059445619","3.95531135531136","1015"
"305","305.gml","1000","0.9","5","0.8","0.534192965154504","0.428656071424484","0.486308645627876","0.534192965154504","0.0360749506903354","0.492283136094675","20","108","106","20","8","17","0.184030137677923","3.67633816227981","1015"
"306","306.gml","1000","0.9","10","0","0.949366933333333","0.946135997772217","0.90677400888889","0.949366933333333","0.906061973333334","0.949366933333331","26","36","66","26","69","26","0.426440340844879","3.04495723737292","1030"
"307","307.gml","1000","0.9","10","0.2","0.760669185297412","0.747595369815826","0.729744057909083","0.760669185297412","0.719835285434026","0.696370614248069","20","35","63","20","69","15","0.273556767787763","4.26273033485239","1030"
"308","308.gml","1000","0.9","10","0.4","0.626020118562383","0.568499565124512","0.574240934263708","0.626020118562383","0.576469913907746","0.559073069744453","18","50","80","18","56","13","0.271231177751984","3.87189749686282","1030"
"309","309.gml","1000","0.9","10","0.6","0.578729993092927","0.468144685029984","0.529924121584353","0.578729993092927","0.0593424533192873","0.543726771448778","19","97","96","19","13","15","0.223664333283687","3.83641578684178","1030"
"310","310.gml","1000","0.9","10","0.8","0.539251810866006","0.435704380273819","0.487919777967833","0.539251810866006","0.0826056661400275","0.507454277942843","21","105","110","21","21","18","0.187368588722523","3.66304169379264","1030"
"311","311.gml","1000","0.9","20","0","0.95908934803594","0.957929730415344","0.933200292071978","0.95908934803594","0.927536632756615","0.95908934803594","27","33","59","27","62","27","0.448","2.85656489979397","1060"
"312","312.gml","1000","0.9","20","0.2","0.786499060343597","0.773021221160889","0.756459449116524","0.786499060343597","0.735392730152664","0.743538434540226","24","56","80","24","92","18","0.428220035778175","4.85554367773086","1060"
"313","313.gml","1000","0.9","20","0.4","0.674623028649146","0.613729178905487","0.626564738229919","0.674623028649146","0.615327930756881","0.631129556760533","20","76","89","20","81","12","0.310675729708117","4.43060202754468","1060"
"314","314.gml","1000","0.9","20","0.6","0.589327836423838","0.498189210891724","0.53243336094974","0.589327836423838","0.544356807539932","0.555542790329332","19","98","110","19","83","17","0.22739921348573","3.9748855274645","1060"
"315","315.gml","1000","0.9","20","0.8","0.572040151511283","0.464746624231339","0.517373451594605","0.572040151511283","0.0803891763518931","0.539964778421946","20","79","116","20","18","20","0.209809329655834","3.86410283820621","1060"
"316","316.gml","1000","0.9","30","0","0.963387666967599","0.961646020412445","0.938177210449281","0.963387666967599","0.923908283060948","0.963387666967597","39","40","66","39","75","39","0.50261936092559","2.69120365865525","1090"
"317","317.gml","1000","0.9","30","0.2","0.780175844870032","0.768394708633423","0.743102674911174","0.780175844870032","0.733796068772862","0.707876512261798","22","45","83","22","85","17","0.341715785397754","4.66382760044145","1090"
"318","318.gml","1000","0.9","30","0.4","0.697527965194634","0.668870627880096","0.63776648575837","0.697527965194634","0.658147394547613","0.652604266144619","21","39","93","21","74","15","0.296987696224014","4.40461832672008","1090"
"319","319.gml","1000","0.9","30","0.6","0.62751617357002","0.554569602012634","0.569977580539119","0.62751617357002","0.568523208415516","0.57925164365549","20","98","111","20","102","16","0.257518796992481","4.12299643642429","1090"
"320","320.gml","1000","0.9","30","0.8","0.582144806773959","0.489213317632675","0.531191122769066","0.582144806773959","0.525920689958728","0.533578478307227","23","90","100","23","92","17","0.257299579649771","3.71754408134725","1090"
"321","321.gml","1000","0.9","40","0","0.963666793914624","0.962151408195496","0.921798301693921","0.963666793914624","0.911162413981117","0.963666793914626","30","39","72","30","80","30","0.489548156624152","2.88055893074119","1120"
"322","322.gml","1000","0.9","40","0.2","0.771375578511828","0.758779287338257","0.725970440700341","0.771375578511828","0.710089460198234","0.690836617105767","22","51","90","22","100","15","0.330446805414059","4.69340610238734","1120"
"323","323.gml","1000","0.9","40","0.4","0.671651483538207","0.599846422672272","0.608386716508005","0.671651483538207","0.610984739417476","0.62761620919403","20","89","107","20","103","15","0.30342429510923","4.45146974339334","1120"
"324","324.gml","1000","0.9","40","0.6","0.698089609056741","0.628197014331818","0.639622845927616","0.698089609056741","0.615610190782643","0.656090054498169","28","92","121","28","137","22","0.366740190748392","4.47137590961318","1120"
"325","325.gml","1000","0.9","40","0.8","0.598007977772773","0.488666743040085","0.541656482616179","0.598007977772773","0.120917842136587","0.562899330025894","22","107","121","22","25","20","0.228334238497944","4.06208349291459","1120"
"326","326.gml","2000","0.9","5","0","0.954000655059937","0.953488647937775","0.897609806881083","0.954000655059937","0.899804443487068","0.954000655059935","30","36","103","30","101","30","0.308950314789282","3.38328316656272","2015"
"327","327.gml","2000","0.9","5","0.2","0.762952380136887","0.733254730701447","0.704623100946415","0.762952380136887","0.705641193796713","0.689086527587284","24","69","143","24","129","19","0.235199280116981","4.48063702962636","2015"
"328","328.gml","2000","0.9","5","0.4","0.629697381962721","0.561354994773865","0.566862758551613","0.629697381962721","0.235275923805977","0.591570192650928","23","142","169","23","31","18","0.209978583326723","4.2360109506408","2015"
"329","329.gml","2000","0.9","5","0.6","0.586522241212467","0.45850932598114","0.525183260698547","0.586522241212467","0.0636950713932651","0.543670809518172","29","229","195","29","28","19","0.183177144936766","4.05698029426767","2015"
"330","330.gml","2000","0.9","5","0.8","0.538041041408776","0.427937656641006","0.481151953673183","0.538041041408776","0.0359697633622421","0.510488757923937","28","227","207","28","14","26","0.159587637518272","3.80475529851831","2015"
"331","331.gml","2000","0.9","10","0","0.957697147307807","0.954019725322723","0.908181585197338","0.957697147307807","0.91870114703877","0.957697147307807","27","52","104","27","97","27","0.330663761154146","3.48026592364472","2030"
"332","332.gml","2000","0.9","10","0.2","0.759461462304625","0.737098693847656","0.706768115837614","0.759461462304625","0.720114539343423","0.664301131707546","24","79","147","24","125","18","0.234937388607273","4.34206712035097","2030"
"333","333.gml","2000","0.9","10","0.4","0.630215052549233","0.575174927711487","0.565664791212164","0.630215052549233","0.599634147918927","0.585570276900876","23","107","166","23","116","16","0.224430537269825","4.26645123541165","2030"
"334","334.gml","2000","0.9","10","0.6","0.576863232234739","0.477541625499725","0.511436429479826","0.576863232234739","0.0344855326327134","0.543667845434957","26","181","183","26","12","17","0.198520739812944","4.09952147069463","2030"
"335","335.gml","2000","0.9","10","0.8","0.535198480178332","0.434170454740524","0.484552735250896","0.535198480178332","0.0562767610237825","0.514635505852133","28","186","196","28","24","21","0.17190441582095","3.91254737343009","2030"
"336","336.gml","2000","0.9","20","0","0.976449441797126","0.974717259407043","0.949086716928084","0.976449441797126","0.924316223976395","0.976449441797125","50","60","112","50","137","50","0.431248988400324","2.9510621401628","2060"
"337","337.gml","2000","0.9","20","0.2","0.784734491235879","0.771185517311096","0.741439521503498","0.784734491235879","0.725997866830834","0.688369767720375","30","61","134","30","154","16","0.297687640080905","4.84589842368574","2060"
"338","338.gml","2000","0.9","20","0.4","0.637157332530088","0.584082007408142","0.581935880891645","0.637157332530088","0.59005692805045","0.590612638316479","21","93","151","21","143","17","0.224407827924722","4.28659637773073","2060"
"339","339.gml","2000","0.9","20","0.6","0.59119199398758","0.489309430122375","0.529905177801511","0.59119199398758","0.0545809975871207","0.559547248922113","26","221","187","26","20","18","0.214725414117296","4.15519599013566","2060"
"340","340.gml","2000","0.9","20","0.8","0.568017815349662","0.432011663913727","0.507178076765955","0.568017815349662","0.492938389420687","0.527190451590702","30","198","196","30","207","24","0.179246306380578","4.00792730942064","2060"
"341","341.gml","2000","0.9","30","0","0.968665840285679","0.96581643819809","0.933669745487452","0.968665840285679","0.929358518727806","0.968413375047946","39","57","108","39","119","39","0.371745587199087","3.14416563828329","2090"
"342","342.gml","2000","0.9","30","0.2","0.783972797681584","0.766383051872253","0.753276418460131","0.783972797681584","0.72845048320771","0.721444984559583","35","87","131","35","154","20","0.342677255623457","4.83866092839916","2090"
"343","343.gml","2000","0.9","30","0.4","0.661392847950996","0.592953324317932","0.604871476613739","0.661392847950996","0.614093718249755","0.607551930838978","25","135","164","25","148","18","0.259474078660106","4.52895572845688","2090"
"344","344.gml","2000","0.9","30","0.6","0.587977784630936","0.482847929000854","0.525103009629527","0.587977784630936","0.530520630435699","0.546476411841155","27","186","194","27","167","22","0.203304977817575","4.12917102800956","2090"
"345","345.gml","2000","0.9","30","0.8","0.556793016171146","0.431481868028641","0.498478878264071","0.556793016171146","0.0397979831877476","0.525721219002948","30","214","204","30","16","22","0.169070733771358","3.95294147287798","2090"
"346","346.gml","2000","0.9","40","0","0.977486702011525","0.976087093353271","0.95885912513584","0.977486702011525","0.926500841988366","0.977486702011523","53","62","86","53","118","53","0.496503929759966","2.94675861103332","2120"
"347","347.gml","2000","0.9","40","0.2","0.787543768306202","0.775862753391266","0.747107415335233","0.787543768306202","0.737166124110725","0.712683136342389","29","85","150","29","164","21","0.309220663368745","4.9711456098017","2120"
"348","348.gml","2000","0.9","40","0.4","0.667268104908477","0.6193967461586","0.60241664444186","0.667268104908477","0.613971104189107","0.622870045681541","27","111","179","27","166","19","0.267606457650913","4.59230056897611","2120"
"349","349.gml","2000","0.9","40","0.6","0.569594974941199","0.466212183237076","0.507981012403195","0.569594974941199","0.0397717513723274","0.537307141807906","25","186","201","25","18","22","0.193298398405786","4.09380003027416","2120"
"350","350.gml","2000","0.9","40","0.8","0.569924279571586","0.457657665014267","0.509068983420047","0.569924279571586","0.500993917014732","0.533817156631292","32","153","203","32","205","20","0.1782662280121","4.01345819939986","2120"
"351","351.gml","4000","0.9","5","0","0.959550254606341","0.957834243774414","0.875202709161989","0.959550254606341","0.901040040625324","0.959561043588999","30","56","228","30","191","32","0.266977269979841","3.61087768693486","4015"
"352","352.gml","4000","0.9","5","0.2","0.779173906918733","0.752632796764374","0.730641268640936","0.779173906918733","0.73206783244822","0.68763865297908","35","133","232","35","239","20","0.205411886867089","4.72904547657297","4015"
"353","353.gml","4000","0.9","5","0.4","0.628500380339093","0.526038825511932","0.55249010542411","0.628500380339093","0.0570408637345074","0.576535605754533","30","336","326","30","43","26","0.173737219594079","4.38383279939887","4015"
"354","354.gml","4000","0.9","5","0.6","0.587010192484688","0.464068740606308","0.515307172415401","0.587010192484688","0.0711310183578259","0.550419342080683","34","402","363","34","58","31","0.16345805474128","4.24510353240619","4015"
"355","355.gml","4000","0.9","5","0.8","0.527257550079469","0.399838030338287","0.468592678024635","0.527257550079469","0.041790205266961","0.496620165751917","38","464","366","38","39","27","0.132581100141044","3.985209177592","4015"
"356","356.gml","4000","0.9","10","0","0.97758165476472","0.973262310028076","0.924666368834892","0.97758165476472","0.925801337105546","0.97771489514172","53","85","204","53","215","53","0.319028820113448","3.5889353105918","4030"
"357","357.gml","4000","0.9","10","0.2","0.779407391766682","0.752237856388092","0.732023153542456","0.779407391766682","0.732523146784717","0.661205287937988","37","131","240","37","235","29","0.211448532901533","4.70191052832227","4030"
"358","358.gml","4000","0.9","10","0.4","0.661446827957767","0.575653910636902","0.590831776895697","0.661446827957767","0.602151247833074","0.595098445965343","32","233","314","32","261","26","0.214594989737678","4.69810351379299","4030"
"359","359.gml","4000","0.9","10","0.6","0.562594160593619","0.449257045984268","0.49412971630521","0.562594160593619","0.037413224082686","0.530026668211328","32","340","354","32","37","26","0.159961143906318","4.15238010774244","4030"
"360","360.gml","4000","0.9","10","0.8","0.57448303744093","0.443208813667297","0.508936340760323","0.57448303744093","0.0603643417287217","0.540995317530015","37","434","379","37","51","28","0.170824430855375","4.29127953848248","4030"
"361","361.gml","4000","0.9","20","0","0.978060661905491","0.973623216152191","0.930682254338658","0.978060661905491","0.939299081966419","0.978060661905489","56","90","205","56","203","56","0.327074328633175","3.86619598502892","4060"
"362","362.gml","4000","0.9","20","0.2","0.782647729859769","0.753629744052887","0.731549970949541","0.782647729859769","0.733803468111705","0.684246297031053","39","138","252","39","256","23","0.228382912446824","4.74570843603644","4060"
"363","363.gml","4000","0.9","20","0.4","0.650696549944965","0.58666330575943","0.593889437657557","0.650696549944965","0.613139426803375","0.609433303119464","31","263","291","31","234","24","0.225347064256862","4.62770514225518","4060"
"364","364.gml","4000","0.9","20","0.6","0.560542171682186","0.433182775974274","0.493272627063761","0.560542171682186","0.0416664304416092","0.526931822085011","32","440","357","32","39","26","0.159888328323894","4.13746682249626","4060"
"365","365.gml","4000","0.9","20","0.8","0.573081832595429","0.440580785274506","0.509239519786142","0.573081832595429","0.0778197106913453","0.541014672456866","38","473","369","38","64","28","0.154080720793758","4.1849885373014","4060"
"366","366.gml","4000","0.9","30","0","0.982525229414108","0.979266703128815","0.941808093678704","0.982525229414108","0.929294278288176","0.9825252294141","69","63","220","69","260","69","0.378915428095756","3.145985059127","4090"
"367","367.gml","4000","0.9","30","0.2","0.791712302821761","0.766518831253052","0.748286298430812","0.791712302821761","0.742344447636369","0.703883033147878","39","134","231","39","254","24","0.238674086894489","4.86142067602208","4090"
"368","368.gml","4000","0.9","30","0.4","0.648737544829263","0.584774374961853","0.594116331645369","0.648737544829263","0.0731662785750024","0.599878255722794","32","240","286","32","31","19","0.278427068897843","4.62925805473687","4090"
"369","369.gml","4000","0.9","30","0.6","0.578920524467283","0.452844649553299","0.516647362948441","0.578920524467283","0.0531289360532313","0.533798611287692","35","461","358","35","48","26","0.177026405842995","4.26342390371687","4090"
"370","370.gml","4000","0.9","30","0.8","0.531699783983381","0.403299778699875","0.468603407114545","0.531699783983381","0.0329740300833486","0.498973269832491","35","488","372","35","30","27","0.130162950529475","3.98376108140797","4090"
"371","371.gml","4000","0.9","40","0","0.979371973071661","0.97601056098938","0.932467709948458","0.979371973071661","0.931407527494528","0.979246730484632","59","54","218","59","231","59","0.344935213929005","3.33284298544441","4120"
"372","372.gml","4000","0.9","40","0.2","0.777531534475088","0.77621465921402","0.755753562042553","0.777531534475088","0.729324884948243","0.717425906095775","42","137","278","42","347","26","0.319555173038594","5.42498933429501","4120"
"373","373.gml","4000","0.9","40","0.4","0.663050282686801","0.585036754608154","0.593170800884077","0.663050282686801","0.611766877849112","0.595054709430163","34","212","293","34","252","20","0.220484289579767","4.62810336659148","4120"
"374","374.gml","4000","0.9","40","0.6","0.583224656898474","0.451700747013092","0.510480951904124","0.583224656898474","0.501380366674302","0.528886800872383","35","411","364","35","379","27","0.177657137165056","4.2400441241983","4120"
"375","375.gml","4000","0.9","40","0.8","0.554435809670671","0.417669683694839","0.491458597806323","0.554435809670671","0.478123825126625","0.513811711908344","39","405","370","39","394","26","0.147088642397477","4.11730177698895","4120"
